qid,ar_name,en_name
"1","إبراهيم الأخضر","Ibrahim Al-Akdar"
"2","ابراهيم الجبرين","Ibrahim Al-Jebreen"
"3","ابراهيم العسيري","Ibrahim Al-Asiri"
"4","شيخ أبو بكر الشاطري","Shaik Abu Bakr Al Shatri"
"5","أحمد بن علي العجمي","Ahmad Al-Ajmy"
"6","أحمد الحواشي","Ahmad Al-Hawashi"
"7","أحمد سعود","Ahmad Saud"
"8","أحمد صابر","Ahmad Saber"
"9","أحمد نعينع","Ahmad Nauina"
"10","أكرم العلاقمي","Akram Alalaqmi"
"11","الحسيني العزازي","Alhusayni Al-Azazi"
"12","إدريس أبكر","Idrees Abkr"
"13","الزين محمد أحمد","Alzain Mohammad Ahmad"
"14","القارئ ياسين","Al-Qaria Yassen"
"15","العشري عمران","Alashri Omran"
"16","العيون الكوشي","Aloyoon Al-Koshi"
"17","توفيق الصايغ","Tawfeeq As-Sayegh"
"18","جمال شاكر عبدالله","Jamal Shaker Abdullah"
"19","حمد الدغريري","Hamad Al Daghriri"
"20","خالد الجليل","Khalid Al-Jileel"
"21","خالد القحطاني","Khaled Al-Qahtani"
"22","خالد عبدالكافي","Khalid Abdulkafi"
"23","خالد الوهيبي","Khalid Al-Wehabi"
"24","خليفة الطنيجي","Khalifa Altunaiji"
"25","داود حمزة","Dawood Hamza"
"26","رشيد إفراد","Rasheed Ifrad"
"27","رشيد بلعالية","Rachid Belalya"
"28","زكريا حمامة","Zakaria Hamamah"
"29","سعد الغامدي","Saad Al-Ghamdi"
"30","سعود الشريم","Saud Al-Shuraim"
"31","سهل ياسين","Sahl Yassin"
"32","زكي داغستاني","Zaki Daghistani"
"33","سامي الحسن","Sami Al-Hasn"
"34","سامي الدوسري","Sami Al-Dosari"
"35","سيد رمضان","Sayeed Ramadan"
"36","شعبان الصياد","Shaban Al-Sayiaad"
"37","شيرزاد عبدالرحمن طاهر","Shirazad Taher"
"38","صابر عبدالحكم","Saber Abdulhakm"
"39","صالح الصاهود","Saleh Alsahood"
"40","صالح آل طالب","Saleh Al-Talib"
"41","صالح الهبدان","Saleh Al-Habdan"
"42","صلاح البدير","Salah Albudair"
"43","صلاح الهاشم","Salah Alhashim"
"44","صلاح بو خاطر","Slaah Bukhatir"
"45","عادل ريان","Adel Ryyan"
"46","عبدالبارئ الثبيتي","Abdelbari Al-Toubayti"
"47","عبدالبارئ محمد","Abdulbari Mohammad"
"48","عبدالباسط عبدالصمد","Abdulbasit Abdulsamad"
"49","عبدالرحمن السديس","Abdulrahman Alsudaes"
"50","عبدالعزيز الأحمد","Abdul Aziz Al-Ahmad"
"51","عبدالعزيز الزهراني","Abdulaziz Az-Zahrani"
"52","عبدالله البريمي","Abdullah Al-Burimi"
"53","عبدالله البعيجان","Abdullah Albuajan"
"54","عبدالله المطرود","Abdullah Al-Mattrod"
"55","عبدالله بصفر","Abdullah Basfer"
"56","عبدالله خياط","Abdullah Khayyat"
"57","عبدالله عواد الجهني","Abdullah Al-Johany"
"58","عبدالله غيلان","Abdullah Qaulan"
"59","عبدالرشيد صوفي","Abdulrasheed Soufi"
"60","عبدالمحسن الحارثي","Abdulmohsin Al-Harthy"
"61","عبدالمحسن القاسم","Abdulmohsen Al-Qasim"
"62","عبدالمحسن العسكر","Abdulmohsin Al-Askar"
"63","عبدالمحسن العبيكان","Abdulmohsin Al-Obaikan"
"64","عبدالهادي أحمد كناكري","Abdulhadi Kanakeri"
"65","عبدالودود حنيف","Abdulwadood Haneef"
"66","عبدالولي الأركاني","Abdulwali Al-Arkani"
"67","علي أبو هاشم","Ali Abo-Hashim"
"68","علي بن عبدالرحمن الحذيفي","Ali Alhuthaifi"
"69","علي جابر","Ali Jaber"
"70","علي حجاج السويسي","Ali Hajjaj Alsouasi"
"71","عماد زهير حافظ","Emad Hafez"
"72","عمر القزابري","Omar Al-Qazabri"
"73","فارس عباد","Fares Abbad"
"74","فهد العتيبي","Fahad Al-Otaibi"
"75","فهد الكندري","Fahad Al-Kandari"
"76","فواز الكعبي","Fawaz Alkabi"
"77","لافي العوني","Lafi Al-Oni"
"78","ناصر القطامي","Nasser Alqatami"
"79","نبيل الرفاعي","Nabil Al Rifay"
"80","نعمة الحسان","Neamah Al-Hassan"
"81","هاني الرفاعي","Hani Arrifai"
"82","وليد الدليمي","Walid Al-Dulaimi"
"83","وليد النائحي","Waleed Alnaehi"
"84","ياسر الدوسري","Yasser Al-Dosari"
"85","ياسر القرشي","Yasser Al-Qurashi"
"86","ياسر الفيلكاوي","Yasser Al-Faylakawi"
"87","ياسر المزروعي","Yasser Al-Mazroyee"
"88","يحيى حوا","Yahya Hawwa"
"89","يوسف الشويعي","Yousef Alshoaey"
"90","ماجد العنزي","Majed Al-Enezi"
"91","مالك شيبة الحمد","Malik shaibat Alhamed"
"92","ماهر المعيقلي","Maher Al Meaqli"
"93","محمد الأيراوي","Mohammad Al-Airawy"
"94","محمد البراك","Mohammed Al-Barrak"
"95","محمد الطبلاوي","Mohammad Al-Tablaway"
"96","محمد اللحيدان","Mohammed Al-Lohaidan"
"97","محمد المحيسني","Mohammed Al-Muhasny"
"98","محمد أيوب","Mohammed Ayyub"
"99","محمد صالح عالم شاه","Mohammad Saleh Alim Shah"
"100","محمد جبريل","Mohammed Jibreel"
"101","محمد صديق المنشاوي","Mohammed Siddiq Al-Minshawi"
"102","محمد عبدالكريم","Mohammad Abdullkarem"
"103","محمد عبدالحكيم سعيد العبدالله","Mohammad Al-Abdullah"
"104","محمود خليل الحصري","Mahmoud Khalil Al-Hussary"
"105","محمود علي البنا","Mahmoud Ali  Albanna"
"106","مشاري العفاسي","Mishary Alafasi"
"107","مصطفى إسماعيل","Mustafa Ismail"
"108","مصطفى اللاهوني","Mustafa Al-Lahoni"
"109","مصطفى رعد العزاوي","Mustafa raad Alazawy"
"110","معمر الأندونيسي","Muamar (From Indonesia)"
"111","مفتاح السلطني","Muftah Alsaltany"
"112","ماجد الزامل","Majed Al-Zamil"
"113","ماهر شخاشيرو","Maher Shakhashero"
"114","محمد المنشد","Mohammad AlMonshed"
"115","محمود الشيمي","Mahmood AlSheimy"
"116","ياسر سلامة","Yasser Salamah"
"117","أخيل عبدالحي روا (من ماليزيا)","Akhil Abdulhayy Rawa (From Malaysia)"
"118","استاذ زامري (من ماليزيا)","Ustaz Zamri (From Malaysia)"
"119","خالد المهنا","Khalid Almohana"
"120","عادل الكلباني","Adel Al-Khalbany"
"121","موسى بلال","Mousa Bilal"
"122","حسين آل الشيخ","Hussain Alshaik"
"123","حاتم فريد الواعر","Hatem Fareed Alwaer"
"124","ابراهيم الجرمي","Ibrahim Aljormy"
"125","محمود الرفاعي","Mahmood Al rifai"
"126","ناصر العبيد","Nasser Al obaid"
"127","واصل المذن","Wasel Almethen"
"128","ابراهيم الدوسري","Ibrahim Aldosari"
"129","جمعان العصيمي","Jamaan Alosaimi"
"130","رضية عبدالرحمن ( من ماليزيا )","Rodziah Abdulrahman (From Malaysia)"
"131","رقية سولونق ( من ماليزيا )","Rogayah Sulong (From Malaysia)"
"132","سابينة مامات ( من ماليزيا )","Sapinah Mamat (From Malaysia)"
"133","سيدين عبدالرحمن ( من ماليزيا )","Saidin Abdulrahman (From Malaysia)"
"134","عبدالغني عبدالله ( من ماليزيا )","Abdulghani Abdullah (From Malaysia)"
"135","عبدالله فهمي ( من ماليزيا )","Abdullah Fahmi (From Malaysia)"
"136","محمد الحافظ ( من ماليزيا )","Muhammad Al-Hafiz (From Malaysia)"
"137","محمد حفص علي ( من ماليزيا )","Mohammed Hafas Ali (From Malaysia)"
"138","محمد خير النور ( من ماليزيا )","Muhammed Khairul Anuar (From Malaysia)"
"139","يوسف بن نوح أحمد","Yousef Bin Noah Ahmad"
"140","جمال الدين الزيلعي","Jamal Addeen Alzailaie"
"141","معيض الحارثي","Moeedh Alharthi"
"142","محمد رشاد الشريف","Mohammad Rashad Alshareef"
"143","أحمد خضر الطرابلسي","Ahmad Khader Al-Tarabulsi"
"144","أحمد الطرابلسي","Ahmed Al-trabulsi"
"145","عبدالله الكندري","Abdullah Al-Kandari"
"146","أحمد عامر","Ahmed Amer"
"147","ابراهيم السعدان","Ibrahem Assadan"
"148","أحمد الحذيفي","Ahmad Alhuthaifi"
"149","محمد عثمان خان ( من الهند )","Mohammed Osman Khan (from India)"
"150","يوسف الدغوش ( من المغرب )","Youssef Edghouch"
"151","الدوكالي محمد العالم","Addokali Mohammad Alalim"
"152","وشيار حيدر اربيلي","Wishear Hayder Arbili"
"153","الفاتح محمد الزبير","Alfateh Alzubair"
"154","طارق عبدالغني دعوب","Tareq Abdulgani daawob"
"155","عثمان الأنصاري","Othman Al-Ansary"
"156","بندر بليله","Bandar Balilah"
"157","خالد الشريمي","Khalid Al-Shoraimy"
"158","وديع اليمني","Wadeea Al-Yamani"
"159","رعد محمد الكردي","Raad Al Kurdi"
"160","عبدالرحمن العوسي","Abdulrahman Aloosi"
"161","خالد الغامدي","Khalid Algamdi"
"162","رمضان شكور","Ramadan Shakoor"
"163","عبدالمجيد الأركاني","Abdulmajeed Al-Arkani"
"164","محمد خليل القارئ","Mohammad Khalil Al-Qari"
"165","رامي الدعيس","Rami Aldeais"
"166","هزاع البلوشي","Hazza Al-Balushi"
"167","عبدالرحمن الماجد","Abdulrahman Al-Majed"
"168","سلمان العتيبي","Salman Alotaibi"
"169","محمد رفعت","Mohammad Refat"
"170","عبدالله الموسى","Abdullah Al-Mousa"
"171","عبدالله الخلف","Abdullah Al-Khalaf"
"172","منصور السالمي","Mansour Al-Salemi"
"173","صلاح مصلي","Salah Musali"
"174","خالد الشارخ","Khalid Alsharekh"
"175","ناصر العصفور","Nasser Alosfor"
"176","محمد البخيت","Mohammad Albukheet"
"177","ناصر الماجد","Nasser Almajed"
"178","أحمد السويلم","Ahmed Al-Swailem"
"179","إسلام صبحي","Islam Sobhi"
"180","بدر التركي","Bader Alturki"
"181","هيثم الجدعاني","Hitham Aljadani"
"182","سعد المقرن","Saad Almqren"
"183","شيخنا ولد الحاج","Cheikhna Ould Haj"
"184","عبد الله عبد المجيد المصري","Abdullah Abdul Majeed Egyptian"
"185","خالد حسن الصلعاوي","Khaled Hassan Asalaawi"
"186","محمد إسماعيل السروى","Mohammed Ismail Soruri"
"187","محمد أحمد محمد عبد اللطيف","Mohammed Ahmed Mohamed Abdel Latif"
"188","محمد عبدلله مصطفى","Mohammed Abdalla Mustafa"
"189","محمد حسن الدرعمي","Mohammed Hassan Aldrama"
"190","سمير الليثى أبوأنس","Samir Liethy Iboans"
"191","يامن المصري","Yamen Almary"
"192","محمد إبراهيم حول","Mohammed Ibrahim Hol"
"193","حسن إبراهيم القزاز","Hassan Ibrahim Kazzaz"
"194","الناجي ولد بلال","Alnagiy born Bilal"
"195","صلاح الجمل","Salah al-Jamal"
"197","محمد زاهر","Mohammed Zahir"
"198","محمد الأفغاني","Mohammed Afghan"
"199","عبد الله الشعراوى","Abdullah El Shaarawy"
"200","محمد حسن نور الدين إسماعيل","Mohammed Hassan Ismail"
"201","محمد جاسم الجبوري","Mohammed Jassim al-Jubouri"
"202","يونس عوض علي","Yunus Ali Awad"
"203","سيد أبو زيد","Sidd Abu Zaid"
"204","إبراهيم عبد الله الماس","Ibrahim Abdullah Almas"
"205","العربي الكثيري","Arab Alkatiri"
"206","الهان توك","Han Tok"
"207","حمزة الجزائري","HamzaAldzauraa"
"208","بديع بديع جادو","Badi Badi Gado"
"209","محسن نعيم","Mohsin Naeem"
"210","الحفاظ القطريين","Qatari Alhvazz"
"211","عبد الله كامل","Abdullah Kamel"
"212","سيد درويش","Sayed Darweesh"
"213","عبد القادر محمد علي","Abdulkadir Mohamed Ali"
"214","كامل جاب الله الفشني","Kamil Jaballah Alshani"
"215","عماد المنصري","Imad Almnasra"
"216","أحمد بن عبد الله اللحدان","Ahmed bin Abdullah Allhaddan"
"217","إسلام ياسين السيد","Islam Yassin"
"218","أبو إسحاق الطنطاوى","Abu Ishaq Tantawy"
"219","عصام الرباعي","Essam Rabai"
"220","أبو أويس محمد بازون الجزائري","Abu Mohammed Uys Bazon Algerian"
"221","أبو أيوب الجزائري","Abu Ayyub Algerian"
"222","عبد الرحمن سمير سيف","Abdel-Rahman Samir Seif"
"223","محمد فوزي عبد المجيد","Mohammed Fawzi"
"224","محمد عبد العظيم الباز","Mohamed Abdel Azim El-Baz"
"225","إياد عبد الحليم النجار","Iyad Abdel Halim al-Najjar"
"226","عزت جمال عزت","Ezzat Gamal Ezzat"
"227","علي الجعفري العنزي","Ali Jaafari Anzi"
"228","عبد الرازق الادهم","Adham Abdel Razek"
"229","أحمد سعيد","Ahmed Saeed"
"230","أبوالحسن محمد بن حسين هلال","Abolhassan Mohammed Bin Hussein Al Hilal"
"231","أحمد سيد هاشم","Ahmed Sayed Hashim"
"232","رضا أحمد الجمل","Raza Ahmad Jamal"
"233","وضاح خضر حسين","Wadah Khader Hussein"
"234","سعد سلمان الزبيدي","Saad Salman al-Zubaidi"
"235","رضا علي الخلاقي","Reda Ali Khulaki"
"236","ياسر سرحان الديب","Yasser Sarhan El-Deeb"
"238","الحسين المجدولي","Hussein Almagdola"
"239","نور عبد الكريم نور","Norabdalkarim Noor"
"240","عيسى الحجلاوي","Issa Ahadjlawi"
"241","شمس الإسلام بن محمد رحمان الأراكاني","Chms Islam bin Mohammed Rehman Alerakane"
"242","محمد هلال الزبيدي","Mohammed Hilal Al-Zubaidi"
"243","محمد الفاتح الزين","Mehmed Zein"
"244","جوهر القردلي","Johr Alqirdla"
"245","محمود سعد عبد الكريم","Mahmood Sa'd Abdulkareem"
"246","جابر عبد الحميد","Gaber Abdulhamid"
"247","حسين عشيش","Hussein Ashish"
"248","عادل حميد","Adel Hamid"
"249","محمد صلاح عبد العزيز","Mohamed Salah Abdul Aziz"
"250","عبد المنعم عبد الرحيم ليقاوي","Abdel-Moneim Abdel Rahim Aquaoui"
"251","هاني كارم فتيح","Hani Karem Fatih"
"252","عمرو عبد الرازق أبو الوفا","Amr Abdel Razek Ahmed"
"253","وليد البطراويش","Walid Batrawih"
"254","حسن سعيد","Hassan Saeed"
"255","محمد بن بركات","Mohammed bin Barakat"
"256","عبد الباسط هاشم","Abdel Basset Hashim"
"257","أسامة الصافي","Osama Al Safi"
"258","سمير بلعشية المغربي","Samir Bshah Amorpie"
"259","حمزة عالم شاه","Hamza Aalm Shah"
"260","مصطفى بن حمو نجار","Mustapha Ben Hamou Njar"
"261","عبد الحكيم الشبرمي","Abdul Hakim Cberma"
"262","محمد بن موسى","Muhammad ibn Musa"
"263","عبد القادر محمد الصوملي","Abdul Qader Mohammed Alsomla"
"264","عبد العزيز القوري","Abdul Aziz Alkora"
"265","محمد عبد الباعث الفقى","Mohammed Abdel-emitting Fiki"
"266","إسماعيل الجزائري","Ismail Algerian"
"267","توفيق بن شعبان الجزائري","Taoufik Ben Shaaban Algerian"
"268","الحرم المدني.. 4 قراء","Madeenah Mosque (4 reciters)"
"269","عيسى القرضاوى","Issa Al-Qaradawi"
"270","محمود منصور المعيقلي","Mahmoud Mansour Almaikulai"
"271","ناصر عبد الرحمن الحمد","Nasser Al-Hamad"
"272","محمد عبد الحكيم الدماريسي","Mohammed Abdul Hakim Damarisi"
"273","أبو عبيده الليبي","Abu Obeida Allepie"
"274","محمد طه الجنيد","Mohammed Taha Junaid"
"276","عمران منصور","Omran Mansour"
"277","أحمد بن قاسم باعلي وسعيد","Ahmed Baali and Asaid"
"278","محمد جمال الخواص","Mohammed Jamal Akhawas"
"279","حاتم المالكي","Hatem al-Maliki"
"280","إبراهيم شحاته المغربي","Ibrahim Shehata Amorby"
"281","عبد الرحيم أحمد أمين","Abdul Rahim Ahmad Amin"
"282","عبد الرحيم نور","Abdurraheem Noor"
"283","وليد مهساس الجزائري","Walid Mhsas Algerian"
"284","توفيق شقرون","Tawfiq Shaqroun"
"285","نايف السالم","Nayef Salem"
"286","أحمد مختار حمدان","Ahmed Mukhtar Hamdan"
"287","محمد عبد اللطيف","Mohammed Abdul Latif"
"288","أيمن سويد","Ayman Sweden"
"289","وليد عبد الله الفص","Walid Abdullah Alvs"
"290","محمد الكريني الملوكي","Mohammed Alkrini Almluki"
"291","همام الريان","Hammam Al Rayyan"
"292","محمد الإبراهيمي","Mohammed Ibrahimi"
"293","آدم بوصخرة","Adam Bosskhrh"
"294","محمد علي أبو الحسن","Mohammed Ali Abu al-Hasan"
"295","محمد نور الدين السعدني","Mohammed Noureddine Saadany"
"296","مصحف الحرم المكي لعام 1436هـ","Moshaf Al Haram (mecca) 1436"
"297","مصطفى الغريب طه راجح","Mustafa Taha Rageh"
"298","إسلام فكري الخطيب","Islam Vkraa al-Khatib"
"299","عبد المطلب البودى","Abdulmutallab Body"
"300","نادر القلاوي","Nadr Alqlaoa"
"301","عبد الرحمن رخيص العنزي","Abdul Rahman Al Enzi"
"302","صهيب جمال الملاح","Sohaib Jamal Almlah"
"303","مهند سلام","Muhannad slam"
"304","صلاح الدين الجزائري","Salahuddin Algerian"
"305","السيد مسلم","Alsid Muslim"
"306","حسام الدين عبادي","Hossam El Din Ebadi"
"307","أنس العمادي","Anas Al-Emadi"
"308","عبد العاطي ناصف","Abdulaati Nasef"
"309","مصحف الحرم المدني لعام 1436هـ","Moshaf Al Haram (madeena) 1436"
"310","رجب الشرقاوي","Rajb Sharkawy"
"311","محمد علي أحمد السكندري","Mohammed Ali Ahmed Alexandrian"
"312","أيمن أحمد الديب","Ayman Ahmed Deeb"
"313","إسلام منتصر","Islam Montasser"
"314","أحمد سعيد العمراني","Ahmed Saeed Alamrani"
"315","إبراهيم غسان الناجي","Ibrahim Ghassan Alnagi"
"316","فالح الهاجري","Faleh Al-Hajri"
"317","محمد قاسم القحطاني","Mohammad Qasim Al-Qahtani"
"318","محمد عارف العسلي","Mohammed Aref Al-Asali"
"319","عبد الله السبعاوي","Abdullah al-Sabawi"
"320","عبد الرحمن البيلي","Abdulrahman Bili"
"321","محمود عبد الصمد الجيار","Mahmoud Abdul Samad Gayar"
"322","كمال صميدة","Kamal Samida"
"323","فيصل بن محمد الرشيد","Faisal Mohammed bin Rashid"
"324","أحمد عبد القادر","Ahmad Abd-Alkadir"
"325","داوود الجبرتي","Daod Jabarti"
"326","حسن سعيد السكندري","Hassan Saeed Alexandrian"
"327","فواز فرحان الدوماني","Fawaz Farhan Dumaini"
"328","سعد بن ناصر المجدوعي","Saad bin Nasser ALMAJDOUIE"
"329","مصحف الحرم المكي لعام 1435هـ","Moshaf Al Haram (mecca) 1435"
"330","محمد عبد الرحيم حجاز","Mohammed Abdul Rahim Hijaz"
"331","محمد عمر الجنايني","Mohammad Omar Ganayni"
"333","علي بوخماده المغربي","Ali Bouchmadh Moroccan"
"334","سعد حسن عبد القوي","Saad Hassan Abdel Kawi"
"335","عبد الله ربيع عبد الوهاب","AbdullahRabia Abdul Wahab"
"336","محمد حسين الشهاوي","Muhammed Hassan Shihawi"
"337","محمد الإمام","Mohammed Imam"
"338","خليل عبد الرحمن القارئ","Khalil Abdul Rahman"
"339","محمد سايد","Mohammed Side"
"340","فاتح سفرجيك","Fatih Seferagic"
"341","محمد عكة","Mohammed Akkah"
"342","محمد العجوز","Mohammed Alagoz"
"343","معاذ الخلطي","Moaz-ALkltey"
"344","ماهر عرار","Maher Arar"
"345","خالد عباسي","Khalid Abbasi"
"346","حسن مرعب","Hassan Mareb"
"347","عاصم عمر الهوساوي","Assem Omar Hawsawi"
"348","تامر محمد الخطيب","Tamer Mohammed Khatib"
"349","عامر محمود القيسي","Amer Mahmoud al-Qaisi"
"350","محمد حمزة","Muhammad Hamza"
"351","ياسر عاشور إسماعيل","Yasser Ashour Ismail"
"352","إدريس الهاشمي","Idris al-Hashemi"
"353","أحمد محمد الجبالي","Ahmed Mohammed al-Jabali"
"354","أحمد محمد سلامة","Ahmed Mohammed Salama"
"355","أنس بن عبدالرحمن الميمان","Anas bin Abdulrahman Al Maiman"
"356","إبراهيم صقر الزعيم","Ibrahim Saqer Alzeim"
"357","أشرف علي مرتضى أحمد عبد الله علي","Ashraf Ali Murtaza"
"358","أحمد محمد منصور","Ahmed Mohamed Mansour"
"359","محمد سليمان باتل","Mohammed Suleiman Patel"
"360","عبد المهيمن يوسف العسل","Abdul dominant Yousef"
"361","محمد محمود الخوجة","MohammedMahmoud Khoja"
"362","فهد واصل المطيري","Fahad Asel Al-Mutairi"
"363","محمد إرشاد مربعي","Mohammad Ershad Mrbbaey"
"364","ثامر الزير","Thamer Al-Zeer"
"365","مصطفى السيد مصطفى","Mostafa El-Sayed Mustafa"
"366","نايف الفيصل","Naif Al-Faisal"
"367","مؤيد المزين","Maad Almazin"
"368","إبراهيم سليم الدرملي","Ibrahim Salim Darimli"
"369","محمد ناصر العزاوي","Mohammed Nasser Al-Azzawi"
"370","إسماعيل لونت","Ismail Lunt"
"371","حسن عيسى المعصراوي","Hassan Issa Almasraoa"
"372","شوقي عبد الصادق عبد الحميد","Shawki Abdel-Sadek Abdel-Hamid"
"373","خالد يوسف الجهيم","Khaled Youssef Aljahim"
"374","عبد الرحمن محمد الجريذي","Abdul Rahman Mohammed Jerive"
"375","أحمد عبد العزيز السكندري","Ahmed Abdul Aziz Alexandrian"
"376","مسعد بلتاجي","Massad Biltaji"
"377","مصطفي عبد الله خليل","Mustafa Abdullah Khalil"
"378","أبو حاتم السالمي","Abu Hatem ALsalmi"
"379","عبد الرحمن ساجد بن عباس الأركي","Abdulrahman Alarkiye"
"380","محمد السالم محمدن","Mohammed Salem Mohameden"
"381","رأفت الغيطاني","Raafat Ghitani"
"382","محمود محمد رشاد الشيمي","Mahmoud Mohammed Rashad Shimi"
"383","كريم منصوري","Karim Mansouri"
"384","عدنان الحمامي","Adnan Al-Hamami"
"385","محمد عثمان عدرة","Mohamed Osman Adra"
"386","أحمد الديب","Ahmad Ad-Deeb"
"387","ياسر عبد الله الحوري","Yasser Abdullah Al-Houri"
"388","سعد السيد الشال","Saad Al-Shall"
"389","خالد الحوسني","Khalid Al Hosni"
"391","عبد القوي عبد المجيد","Abdel Kawi Abdul Majid"
"392","عبد الله عبد الفتاح بركات","Abdullah Abdel Fattah Barakat"
"394","علي عبد الله جابر","'Ali 'Abdullaah Jaabir"
"395","السديس والشريم","As-Sudays and Ash-Shraym"
"396","محمد محمود الطبلاوي","Mohd. Muhammad At-Tablaawi"
"397","أحمد العجمي","Ahmad 'Ali Al-'Ajmi"
"399","محمد حسان","Muhammad Hassaan"
"401","السيد أحمد أبوزيد","As-SayyidAhmad Abu Zaid"
"402","صلاح النجار السكندري","Salah al-Najjar Alexandrian"
"403","ياسر عبد الله المصري","Yasser Abdullah Al-Masri"
"404","محمد القاسم المصري","Muhammad al-Qasim"
"405","محمد عثمان القاسم","Mohamed Osman al-Qasim"
"407","أحمد رمضان عمر","Ahmed Ramadan Omar"
"408","نور الدين المسلاتي","Noureddine Elmessallati"
"409","أسامة عبد الهادي أبو الخير","Osama Abdel Hadi Abu al-Kheir"
"410","الحسين البقالي","Hussein Bakali"
"411","معاذ الدويك","Maaz Dweik"
"412","علي السويسي","'Ali As-Suwaysi"
"413","زكرياء الرقيبي","Zacaria Roqaibi"
"414","رشيد اللويزة","Rashid Alloiz"
"417","رياض الجزائري","Riad Aldzairey"
"418","أشرف حسين فرغلي","Ashraf Hussein Farghali"
"419","راغب مصطفى غلوش","Raaghib Mustafa Ghalwaash"
"420","عبد المطلب بن عاشورة","Abdul Muttalib bin Ashourh"
"421","مصحف الحرم المكي لعام 1437هـ","Moshaf Al Haram (mecca) 1437"
"422","مصحف الحرم المدني لعام 1437هـ","Moshaf Al Haram (madeena) 1437"
"423","توفيق النوري المغربي","Tawfiq Al-Nouri"
"424","مصطفى بن مالك المغربي","Mustafa bin Malik Moroccan"
"425","السيد متولي","As-Saayed Mitwalli"
"426","ناصر محمد الجعشاني","Nasser Mohammed Aldjachchany"
"427","محمد عبد السميع رسلان","Mohammed Raslan"
"428","طه الفشني","Taa Haa Al-Fashni"
"429","صلاح الراشد","Salaah Ar-Raashid"
"430","مساعد الصايغ","Musaa'id As-Saaigh"
"431","ناصر الغامدي","Nasir Al-Ghamidi"
"432","عبد الله الخليفي","'Abdullaah Al-Khayfi"
"436","سعد البريك","Sa'd Al-Braik"
"437","أحمد القاضي","Ahmad Al-Qaadhi"
"439","محمد شرف الحلواني","Muhammad Sharaf Al-Halawaan"
"440","إبراهيم عبدالمنعم","Ibrahim Abdel Moneim"
"441","مصطفى محمد جرموني","Mustafa Mohammed Jermona"
"443","عبد الواحد المغربي","'Abdul-Waahid Al-Maghribi"
"444","صلاح بن محمد البدير","Saalah Al-Budayr"
"445","أنور الصبان","Anwar As-Sabbaan"
"446","فهد الغراب","Fahd Al-'Ghuraab"
"447","حسن غالب","Hasan Ghaalib"
"448","هيثم أسطى","Haytham Ustaa"
"449","خالد صلاح عجلان","Khaalid Salaah 'Ajlaan"
"450","خلدون الذيب","Khaldoon Ath-Theeb"
"451","خالد الحمودي","Khaalid Al-Hammoodi"
"452","خالد الرميح","Khaalid Ar-Rumayh"
"453","أحمد محمد مأمون","Ahmed Mohammed Mamoun"
"454","أشرف عبده درويش","Ashraf Abdo Darwish"
"455","فادي سعود الجبور","Fadi Saud Jabour"
"456","محمد مجدي","Mouhammad majdy"
"457","محمد عبد الله الشميري","Mohammed Abdullah al-Shamiri"
"458","مصطفى عزت حميدان","Mustafa Izzat Hmeidan"
"460","أحمد عثمان المصري","Ahmed Osman Almsaray"
"461","محمود عبد القادر إدريس","Mahmoud Idris"
"462","أحمد محمد مصطفى ديبان","Ahmed Mohammed Mustafa Daban"
"466","هتلان بن علي الهتلان","Htlan Ben Ali Hattlan"
"467","عبد الحكيم العصيمي","'Abdul-Hakeem Al-'Usaymi"
"468","سراج الدين سليمان","Siraajuddeen Sulaymaan"
"469","منصور العريدي","Mansoor Al-Ireedi"
"470","عامر همام","Amer Hammam"
"471","محمود المالكي الليبي","Mahmoud al-Maliki Libyan"
"472","قاسم المالكي","Qaasim Al-Maaliki"
"473","عيسى العجمي","'Eesaa Al-'Ajmi"
"474","أبو أنس","Abu Anas"
"475","محمد صادق","Muhammad Saadiq"
"476","علي عبد الرحيم","Ali Abd al-Rahim"
"477","عبد المحسن العجيمي","'Abdul-Muhsin Al-'Ejeymi"
"478","خالد الشريدة","Khaalid Ash-Shuraydah"
"479","عادل السنيد","'Aadil As-Snayd"
"480","طارق الحسين","Taareq Al-Husayn"
"481","عبد الله الغامدي","Abdullaah Al-Ghaamidi"
"482","علي العشبان","'Ali Al-'Ashbaan"
"483","عبد القادر ناصر الدين","Abdulkadir Nasser ALdin"
"484","إبراهيم الدردساوي","Ibrahim Dardasawi"
"485","محمد عمر الجعادي","Mohammad Omar Aldjaada"
"486","زكرياء عبد الله غازيوي","Zakaria Abdullah Gazioa"
"487","محمد طيب عبد الحليم","Mohammad Tayeb Abdel Halim"
"488","خالد الزنبعي","Khaled Alzenbaa"
"489","محمد عبد العزيز الشامي","Mohammed Abdel-Aziz al-Shami"
"490","خميس عبد العظيم عيص","Khamis Abdel Azim Aas"
"491","عبد الإله محمد هازع","Abdel-Elah Mohammad Haza"
"492","صالح مرعي","Saleh Maree"
"493","عمار عبد الله الساكني","Ammar Abdullah Alsakna"
"494","يحيى عباد","Yahya Ebad"
"495","حسين بطي","Hussein Butti"
"496","يحيى أبو كرم","Yahyaa Abu Qaram"
"497","طارق و محمد الحواس","Taariq and Muhammad Al-Hawwaas"
"499","محمد سعد إبراهيم","Mohamed Saad Ibrahim"
"500","محمد يوسف","Muhammad Yoosuf"
"501","عبد الحميد محمود","'Abdul-Hameed Mahmood"
"502","عبد الله عصام","Abdullaah 'Usaam"
"503","يوسف القرضاوي","Yoosuf Al-Qaradhaawi"
"504","مهدي البيشي","Mahdi Al-Bishi"
"505","سعيد الدهموش","Sa‘eed Ad-Dahmoosh"
"506","تركي الخليوي","Turki Al-Khulaywi"
"507","علي السعدون","Ali As-Sa'doon"
"508","لطف الله حاتم","Lutfullaah Haatim"
"509","أحمد الشاوي","Ahmad Ash-Shaawi"
"510","مصطفى غربي","Mustafa Ghaarib"
"511","فهد صقر الهلال","Fahd Saqr Al-Hilaal"
"512","خالد النهاري","Khaalid An-Nahaari"
"513","يحيى الجهراني","Yahya Al-Jahraani"
"514","محمد متولي","Muhammad Mitwalli"
"515","عثمان الصديقي","'Uthmaan Siddeeqi"
"516","فيصل الحميد","Faysal Al-Hmayd"
"518","محمد الماجد","Muhammad Al-Maajid"
"519","سمير المالكي","Saamir Al-Maaliki"
"520","يحيى حوباني","Yahya Hawbaani"
"521","طلال المطر","Talaal Al-Matar"
"522","عبد الله طه سربل","Abdullah Taha Sarbal"
"523","عبد الله البطاح","'Abdullaah Al-Battaah"
"524","أبوهاجر العراقي","Abu Haajar Al-'Iraaqi"
"526","محمد البلوشي","Muhammad Al-Blooshi"
"527","حسين بن عبد العزيز آل الشيخ","Husayn Aal Shaykh"
"528","أسامة عبد الله الخياط","Usaamah Al-Khayyaat"
"529","إبراهيم الشعشاعي","Ibraaheem Ash-Shi'shaa'i"
"531","أمين بن عبد الله بربيد","Ameen Baarbid"
"532","ماجد زبن","Maajid Zibin"
"533","مصطفى الشناوي","Mustafa Ash-Shinnaawi"
"535","إبراهيم كدّاف علي","Ibraaheem Kaddaaf"
"536","راضي إبراهيم السعيد","Raadi Ibraaheem As-Sayd"
"537","غسان أبو خضرة","Ghassan Abu Khadhrah"
"538","أحمد الشامي","Ahmad As-Shaami"
"539","عاصم عبد المحسن المغربي","'Aasem Al-Maghribi"
"540","مصطفى أوزجان","Mustafa Ozaagan"
"541","مشعل يوسف المطر","Mesh'al Yoosuf Al-Mataar"
"544","قيس هائل","Qays Haa'il"
"545","أسامة فخري","Usaama Fakhri"
"547","أحمد خليل شاهين","Ahmad Khaleel Shaaheen"
"548","ياسين الجزائري","Yaseen Al Jazaery"
"549","عبد العزيز الروضان","'Abdul-'Azeez Ar-Rawdhaan"
"550","عمر بن عبد العزيز القبيسي","'Umar 'Abdul-'Azeez Al-Qubaysi"
"552","عبد العزيز ندا","'Abdul-'Azeez Nadaa"
"553","محمد إبراهيم النعيم","Muhammad Ibraaheem An-Nu'aym"
"555","إسماعيل حافظ","Esmail Hafez"
"556","فيصل الحليبي","Faisal_ Al Holaibi"
"557","سلطان العويد","Sultan Al Owiad"
"558","محمد عبد الوهاب الطنطاوي","Mohammed Al Tantawi"
"559","محمد طه - القاريء الصغير","Mohammed Taha"
"560","أحمد المعصراوي","Ahmed Al mesarawi"
"561","يوسف قبلان","Yousof Kablan"
"562","أحمد أسامة الترجمان","Ahmed Al Tarjuman"
"563","حمدي الزامل","Hamdi Al Zamel"
"564","مصطفى محمود البنا","Mostafa Mahmood Al Banna"
"565","إبراهيم المنصوري","Ibraheem Al Mansouri"
"566","أحمد أبو المعاطي","Ahmed Abu Almaati"
"567","أحمد عبد الرحمن الزارع","Ahmed Alzaraa"
"568","أحمد صالح","Ahmed Saleh"
"569","أحمد محمد عامر","Ahmed Moh. Aamer"
"570","أحمد أبو طالب السوهاجي","Ahmed Abu Taleb Al Sohaji"
"571","أحمد سليمان السعدني","Ahmed Al Sadani"
"572","أحمد حسن أبو الفرج","Ahmed Hasan Abu Alfaraj"
"573","إبراهيم سليمان درعة","Ibraheem Sulaiman Deraa"
"574","حمزة مغازي","hamzah_maghazi"
"575","ربيع زين","Rabee Zain"
"576","سيد النقشبندي","Sayed Al Nakshabandi"
"577","إسماعيل السيد الطنطاوي","Ismail Al Tantawi"
"578","السعيد عبد الصمد الزناتي","Al Saeed AL Zenati"
"579","الشحات محمد أنور","Al Shahhat Moh. Anwar"
"580","حجاج الهنداوي","Hajjaj Al Hendawi"
"581","حسن يوسف القرناوي","Hasan Al Qarnawi"
"582","حلمي الجمل","Helmi Al Jamal"
"583","إسماعيل الشيخ","Ismail Al shaikh"
"584","رأفت حسين","Raafat Husain"
"585","سيد سعيد","Sayed Saeed"
"586","سيد عطية ندا","Sayed Ateyah Nada"
"587","صبري المنشاوي","Sabri Al Menshawi"
"588","صلاح الدين عبد الرحمن","Salah Aldeen Abdulrahman"
"589","صلاح شمس الدين","Salah Shamu Addeen"
"590","طه الجندي","Taha Al Jundi"
"591","عبد الحافظ سيد رجب","Abdul Hafeth Sayed Rajab"
"592","عبد العظيم زاهر","Abdul atheem Zaher"
"593","عبد المنعم أبو الخير","Abdulmone'm Abu Alkhair"
"594","عبد المنعم الطوخي","Abdulmone'm Al Tookhy"
"595","عبد الوارث عبد العزيز","Abdulwareth Abdulazeez"
"596","عثمان الشبراوي","othman_alshabrawi"
"597","أحمد السيد البليطي","Ahmed Al Sayed Albulaity"
"598","الأمين محمد قنيوه","Alameen Moh. Kanyouh"
"599","السيد بيومي الصواف","Alsayed bayoumi Alsawwaf"
"600","حامد أحمد صلاح","Hamed Ahmed Salah"
"601","زكي إسماعيل","Zaki Isma"
"602","عبد الحميد الباسوسي","Abdulhameed Al Basosi"
"603","صديق المنشاوي","Seddeque Al Menshawi"
"604","عبد الفتاح الشعشاعي","Abdulfattah Al She'shae"
"605","عبد الرؤوف شلبي","Abdulraoof Shalabi"
"606","عبد العزيز عكاشة","Abdulazeez Okashah"
"607","عبد الله طبل","Abdullah Tabl"
"608","عبد الواحد زكي راضي","Abdulwahed Zaki Radi"
"609","علي سليم","Ali Saleem"
"610","عوضين المغربي","Awadain Almagrebi"
"611","فؤاد العروسي","Fuaad Alaroosi"
"612","فتحي العطار","Fathi Al Attar"
"613","فتحي قنديل","Fathi Kandeel"
"614","فتحي محمد سليمان","Fathi Mohammed Sulaiman"
"615","محمد الجزاوي","Mohammed Al Jazawi"
"616","محمد السيد ضيف","Mohammed Alsayyed Daif"
"617","محمد حماد","Mohameed Hammad"
"618","محمد عبد الحميد البوشي","Mohammed Al Booshi"
"619","محمد عبد الحميد عبد الله","Mohammed Abdulhameed Abdullah"
"620","محمد عبد الشافي النادي","Mohammed Alnadi"
"621","ياسر محمد القاضي","Yasser Mohammed judge"
"622","عبد المجيد عبد الرحمن","Abdul Majid Abdul Rahman"
"623","عبد الرحمن عبد المجيد الشميري","Abdul Rahman Abdul Majid al-Shammari"
"624","أيمن عياد الفلسطيني","Ayman Ayad Palestinian"
"625","محمد إرحيم الفلسطيني","Mohammed Arahim Palestinian"
"626","أحمد السيلاوي الفلسطيني","Ahmed Sailawi Palestinian"
"627","مؤمن الراعي الفلسطيني","Maman Alraiey Palestinian"
"628","أسامة رشيد الفلسطيني","Osama Rashid Palestinian"
"629","تامر إسلام","Tamer Islam"
"630","عبد الفتاح الطاروطي","Abdulfattah Al Tarooti"
"631","عبد الله عبد الرزاق هندي","Abdullah Hendi"
"632","عبد السلام رمضان","Abdul Salam Ramadan"
"633","أحمد قيس","Ahmed Qais"
"634","علي محمود","Ali Mahmood"
"635","عبد الباسط أبو عبيد البرزي","Abdul Basit Abu Obeid Alborzi"
"636","صفوت غزال قلموش","Safwat Ghazal Qlmos"
"637","كامل يوسف البهتيمي","Kamel Yousuf Albahteemi"
"638","عزت صبري","Ezzat Sabri"
"639","أسامة بن علي الغانم","Osama Bin Ali Al-Ghanim"
"640","محمد الصيفي","mohammed Al Sayfi"
"641","محمد الليثي","Mohameed Allaythi"
"642","محمد الهلباوي","Mohammed Al Helbawi"
"643","محمد بدر حسين","Mohammed Badr Husain"
"644","محمد توفيق الخضري","Mohammed Al Khodary"
"645","محمد عبد العزيز حصان","Mohammed Husan"
"647","مصطفى عمر عامر","Mustafa Omar Amer"
"648","محمد صالح اليمني","Mohammed Saleh the Yemeni"
"649","محمد هليل","Mohammed Helayel"
"650","محمد حسن النادي","Mohammed Hasan Alnadi"
"651","محمد يحيى علي","Mohammed Yahya Ali"
"652","عمر أحمد عبد الرحمن","Omar Ahmed Abdul Rahman"
"653","خالد بن سليمان المطرودي","Khalid Sulaiman Matroudi"
"654","محمود البجرمي","Mahmood Al Bajrami"
"655","عبد العزيز محمد التركي","Abdul Aziz Mohammed Turki"
"656","يوسف السليم","Yousef Al-Saleem"
"657","فهد الجربوع","Fahd Al Jarboo"
"658","عمر الصلال","Omar Al Salal"
"659","تميم الريمي","Tamim Al Raymi"
"660","عبد الله بن عبد الفتاح حاكم","Abdullah bin Abdul Fattah"
"661","بندر آل يسر","Bandar Al Yousr"
"663","منصور الشامي الدمنهوري","Mansour Al Damanhouri"
"664","نصر الدين طوبار","Nasr addein Tobar"
"665","هاشم هيبة","Hashem Haibah"
"666","أحمد عبد الحليم","Ahmed Abdel Halim"
"667","محمد علي الديب","Mohammed Ali Al Deeb"
"668","توفيق عامر","Tawfiq Amer"
"669","نور الدين مناني","Nour al-Din Manani"
"670","محمد عبد المنعم محمود","Mohamed Abdel Moneim Mahmoud"
"671","حمدي السيد طلبة سعد","Hamdy Al - Sayed Tolba Saad"
"672","محمود علي راضي","Mahmoud Ali Radi"
"673","يوسف أبكر","Yousef Abkar"
"675","ياسر الصيري","Yasser Al-Siri"
"676","حيدر الجنابي","Haidar Al Janabi"
"677","شادي السيد","Shadi Sayed Ahmed"
"678","محمد الطيب حمدان","Mohammed Al Tayeb Hamdan"
"679","عبد الرحيم عبد السلام نبولسي","Abdel Rahim Abdel Salam Nabulsi"
"680","عبد الحميد حافظ","Abdulhameed Hafeth"
"681","عبد المانع السعداوي","Abdul Manea Saadawi"
"682","محمد بلال غنام الميداني","Mohammed Bilal Ghannam Al - Midani"
"683","فيصل جميل حسن غزاوي","Faisal Jamil Hassan Ghazzawi"
"684","أحمد حبيب","Ahmed Habib"
"685","محمد رامي الذويبي","Mohamed Rami Al - Thoubi"
"686","محمد عتيق","Mohammed Ateek"
"687","كمال محمد المرزوقي","Kamal bin Mohammed Al Marzouqi"
"688","سالم أحمد شوقي الأزهري","Salem Ahmed Shawky Azhari"
"689","كامل علي اللالا","Kamel Ali Alalala"
"691","محمد سعيد خياط","Mohammed Saeed Khayat"
"692","علي جابر والسديس","Khulaifi ,Sudais ,Ali Jaber"
"693","محمود ديح علي","Mahmoud Diah Ali"
"694","أسامة صبحي حسين","Osama Sobhy Hussein"
"695","سعد التوم السبيعي","Saad Al - Tom Al - Subaie"
"696","أحمد محمد يونس","Ahmed Mohamed Younes"
"697","محمد أحمد البكري","Mohammed Ahmed Bakri"
"698","محمد فضيل","Mohamed Fadil"
"699","عبد الحكيم الجزائري","Abdul Hakim Aljazairy"
"700","علي الحربي","Ali Al Harbi"
"701","عبد الله عبد المحسن القرافي","Abdullah Abdul Mohsen Al-Qarafi"
"702","إبراهيم بن نايف الجبوري","Ibrahim bin Nayef al-Jubouri"
"703","أبو بكر عطية عبد المتعال حجاجي","Abu Bakr Attia Abdel-Matar Haggai"
"704","أسامة محمد جمعة","Osama Mohammed Juma"
"705","سيد أحمد عبد الستار حسين","Sayed Ahmed Abdul Sattar Hussein"
"706","محمد إبراهيم الدسوقي المنياوي","Mohammed Ibrahim Aldsouki Miniaoui"
"707","أحمد عبد العزيز إبراهيم جوهر","Ahmed Abdul Aziz Ibrahim Jawhar"
"708","أبوالعينين شعيشع","Abul-'Aynayn Shu'ayshaa'"
"709","عبد الرشيد الشرقاوي المراكشي","Abdul Rashid Al-Sharqawi Al-Marrakshi"
"710","أحمد عبد الفتاح أحمد صالح","Ahmed Abdel Fattah Ahmed Saleh"
"711","خالد محمد بكري","Khaled Mohammed Bakri"
"712","محمد جابر محمد حسن الأسواني","Mohammed Jaber Mohammed Hassan Aswani"
"713","سامي صبري سويلم","Sami Sabry Sweilem"
"714","واعر الهدهودي","Aaar al-Hudhoudi"
"715","هلال شمس الدين علي","Helal Shams El Din Ali"
"717","هزاع المسوري","Hazza Al meswari"
"718","أحمد حماد","Ahmed Hammad"
"719","ربيع عيد جامع","Rabi Ayed Jamama"
"720","ربيع عثمان حسن محمود","Rabee Othman Hassan Mahmoud"
"721","مطلق خميس العازمي","Mutlaq Khamis Al Azmi"
"722","بدوي الكحلاوي","Badawi Al - Kahlawi"
"723","أيمن فايز المازني","Ayman Fayez Almazni"
"724","محمد علي عبد الوهاب المصري","Mohamed Ali Abdel Wahab El Masry"
"725","إبراهيم عبد القادر الدسوقي","Ibrahim Abdelkader Desouki"
"726","محمد عبد الموجود عقبة الأزهري","Mohammed Abdul Muqeem Azhari"
"727","السعيد حسن علي غانم","Saeed Hassan Ghanem"
"728","أبو مسلم على الأزهرى","Abu Muslim Al Azhari"
"729","عاهد بشر زينو","Ahed Besher Zeno"
"730","غسان الشوربجي","Ghassan Al-Shorbagy"
"731","محمد يحيى طاهر","Mohammed Yahya Taher"
"732","عارف عبد الله العشي","Arif Abdullah Al - Ashi"
"733","وليد فتحي بشتة","Walid Fathi Bashta"
"734","مولانا كورتش","Maulana Kurch"
"736","عبد الكبير حيدري الأفغاني","Abdul Kabir Haidari Afghan"
"737","محمد الطوخي","Mohammed Toukhi"
"738","قاسم رضيعي","Qassem Ridaie"
"739","محمد كريم سعيد راجح","Karim Rajeh"
"740","محمد حسين سبز علي","Mohammed Hussein Sbs Ali"
"742","ماجد فاروق","Majed Farouq"
"743","جواد بناهي طوسي","Jawad Benahi Tousi"
"744","محمد بن عبد الرحمن العريفي","Mohammed Al Oraifi"
"745","أحمد عبد المطلب الدباغ","Ahmed Abdul Muttalib Dabbagh"
"746","محمد خالد قابيل","Mohammed Khaled Qabeel"
"747","أحمد رجب","Ahmed Rajab"
"748","براء بن عبد الله بصفر","Baraa bin Abdullah Basfar"
"749","أيمن شعبان الدروى","Ayman Shaban Al Douri"
"750","خالد السعيدي","Khalid Al Saeedi"
"751","عبد الله السالم","Abdullah Al Salem"
"752","فيصل عبد الرحمن الشدي","Faisal Al Shedi"
"753","حسن قاري","Hasan Qari"
"754","السيد حافظ","Abdullah Yusuf Ismail"
"755","عمرو السيد عبده منصور","Amr Sayed Abdu Mansour"
"756","سالم محمود عبد الجليل","Salem AbdulJaleed"
"757","سلطان الذيابي","Sulatan Al Theyabi"
"758","سمير البشيري","Sameer Al Basheeri"
"759","نور الدين حازم ابو غزالة","Nour al - Din Hazem Abu - Ghazaleh"
"760","خالد أبو بكر باوزير","Khalid Abu Bakr Bawazeer"
"761","محمد الراضي إمليح","Mohammed Al Radi Alleih"
"762","طه محمد","Taha Mohamme"
"763","عمر طه المنياوي","Omar Taha Al - Minawi"
"764","مصطفى محمد الشرقاوي مرعزي","Mostafa Mohamed El Sharkawy Marazi"
"765","أحمد نصر","Ahmed Nasr"
"766","جمال سيد الأسيوطي","Gamal Sayed El Assiouty"
"767","عادل حسين الأسيوطي","Adel Hussein El Assiouty"
"768","حسين أحمد السيد علي","Hussein Ahmed Ali"
"769","علي عبد الكريم عبد الحكم","Ali Abdul Karim Abdul Hakam"
"770","عادل محمد عطية منصور","Adel Mohamed Attia Mansour"
"771","محمد بكري أبو الدهب","Mohammed Bakri Abu Dahab"
"772","هشام عبد الباري السكندري","Hisham Abdel Bari Alexandrian"
"773","محمد سعيد شرباش","Mohammed Said Sharabash"
"774","إبراهيم عبدالله غنيم","Ibrahim Abdullah Ghoneim"
"775","محمد نبيل المهندس","Mohammed Nabil Almhndas"
"776","معتصم الحديدي","Mutasim Al Hadidi"
"777","شادي عادل محمد","Shady Adel Mohamed"
"778","وليد عاطف","Waleed Aatef"
"779","محمد فكري الملاح","Mohammed Fekri Almallah"
"780","سمير محمد سبيله","Samir Mohamed Sabila"
"781","محمود عبدالعال أحمد","Mahmoud Abdel Aal Ahmed"
"782","عبد النبي سليمان أبوزيد","Abdulnabi Suleiman Abu Zeid"
"783","محمد المزين","Mohammed Al Mazin"
"784","محمد محمود البحري","Mohammed Mahmood Albahri"
"785","صالح الطوالة","Saleh Al-Tawala"
"786","علي صلاح العمر","Ali Salah Al Omar"
"787","محمد محمود عوض","Mohammed Mahmood Awad"
"788","فؤاد جمعة","Fouad Juma"
"789","سيد جمعة سلام","Sayed Juma Salam"
"790","عمر العاطفي عسيري","Omar ALatefy Asiri"
"791","محمد مدين","Mohammed Madeen"
"792","عبدالعزيز عبدالله علي الحمري","Abdul Aziz Abdullah Al - Hamri"
"793","يحيى أحمد","Yahya Ahmed"
"794","محمود عبد الحافظ أبو غرام","Mahmoud AbdelHafez"
"795","ياسر سليم","Yasser Salim"
"796","رضا عبد المحسن","Reza Abdel Mohsen"
"797","حسام شرف","Hossam Sharaf"
"799","أحمد صلاح المصري","Ahmed Salah El Masry"
"800","جمعة صبحي فرج","Jumah Subhi Faraj"
"801","عبد العزيز علي فرج","Abdulazeez Ali Faraj"
"802","ياسين براكني الجزائري","Yassine Brakny Algeria"
"803","عبد الله بن أحمد الورور","Abdullah Ahmed Al-Warwar"
"804","هونر عماد الشيخ بزيني","Honer Emad Sheikh Bazini"
"805","عمرو مصطفى عباس محمود","Amr Mostafa Abbas Mahmoud"
"806","عبد القادر عمر العبسي","eabdalqadir eumar aleabsi"
"807","عزت العناني","Ezzat Al 'enani"
"808","عبد الله محمد الحميد","Abdullah Mohammed Hamid"
"809","علي حزين","Ali Hazeen"
"810","طلحة بن عبد المطلب","Talhaa Ibn 'Abdul-Muttalib"
"811","محمد إبراهيم السيد","Mohammed Ibraheem As-Sayyid"
"812","فتحي المليجي","Fathi Al Melaiji"
"814","خالد محمد فتحى","Khalid Mohammed Fathi"
"815","صالح العمري","Saleh Al Omari"
"816","عادل مسلم","Aadel Moslem"
"817","فيصل الرشود","Faisal Al Roshood"
"818","محمد أحمد بسيوني","Mohammed Basyouni"
"819","مصحف الحرم المدني لعام 1426هـ","Moshaf Al Haram (madeena) 1426"
"820","مصحف الحرم المكي لعام 1426هـ","Moshaf Al Haram (mecca) 1426"
"821","أحمد أحمد عثمان القريو","Ahmed Ahmed Othman"
"823","محمد صالح الحضيري","Mohammed Al Hodairy"
"824","محمد علي قاسم الغرباني","Mohammed Ali Al Gherbani"
"825","أحمد زياد","Ahmed Zeyad"
"826","أحمد حسين أبو عمر","Ahmed Husain Abu Omar"
"827","أحمد نواف المجلاد","Ahmed Nawwaf Al mejlad"
"828","شوقي حامد شرف الدين","Shawki Hamed"
"829","أحمد سمير شرارة","Ahmed Sameer Shararah"
"830","عبد العزيز حربي","Abdul Aziz Harbi"
"831","بندر بن محمد الجعدي","Bandar Mohammed Al Jaadi"
"832","عبد الحكيم عبد اللطيف عبد الله","Abdul Hakeem Abdullateef"
"833","محمود أبو زيد","Mahmoud Abu Zaid"
"834","محمد عطية حسب","Mohammed Ateyyah Hasab"
"835","عبد الرزاق بن عبطان الدليمي","Abdul Razzaq Al Dumlaimi"
"836","محمود أبو الوفاء الصعيدي","Mahmoud Abu Al Wafaa"
"837","خالد عبد اللطيف","Khaalid 'Abdul-Lateef"
"838","صالح الشمراني","Saalih Ash-Shamraani"
"841","محمد جمال عبد الناصر","Mohammed Jamal Abdul Naser"
"842","محمد عابد","Muhmmad Al-'Aabid"
"843","خالد أبو شادي","Khalid Abu Shadi"
"844","محمد غرام","Mohammed Gharam"
"845","أبو حذيفة المكي","Abu Hothaifah Al makki"
"846","أحمد الحلبية","Ahmed Al Halabeyah"
"847","أبو يوسف الخرخاشي","Abu Yousuf Al kherkhashi"
"848","محمود حسنين الكلحي","mahmoud Al kohli"
"849","إبراهيم البصيلي","Ibraheem Al Busaily"
"850","إبراهيم الثويني","Ibraheem Al Thuwaini"
"851","إبراهيم السويد","Ibraheem Al suwaid"
"852","إبراهيم بن عبد الله البديوي","Ibraheeml Al bedaiwi"
"853","إبراهيم بن عبد الله المرزوقي","Ibraheem Al Marzuqi"
"854","أحمد إبراهيم","Ahmed Ibraheem"
"855","أشرف البسيوني","Ashraf Al basyouni"
"856","أيمن مرسي","Ayman Mursi"
"857","سند محروس شعبان","Sanad Mahroos Shaaban"
"858","عبد الحكيم صوفي","Abdul Hakeem Sufi"
"859","ياسين حسين ندا","Yaseen Hosain Nada"
"860","محمود إسماعيل الشريف","Mahmood Al Shareef"
"861","سعيد كرامة","Sa‘eed Qaraamah"
"862","عبد العزيز الكرعاني","Abdul Aziz Alkarani"
"863","شعبان محمود عبد الله","Shaabna Mahmoud Abdullah"
"864","أحمد رضوان","Ahmed Redwan"
"865","ثامر بن مبارك العامر","Thamer Mubarak Al Aamer"
"866","سعيد بن عبد الله العبد الله","Saeed Bin Abdullah"
"867","عبد العزيز بن سعد الناصر","Abdul Aziz Al Naser"
"868","محمود صديق المنشاوي","Mahmood Al Menshawi"
"869","محمد الطيار","Muhammad At-Tayyaar"
"870","محمد عمران","Mohammed Omran"
"871","عبد السلام الحمدان","'Abdus-Salaam Al-Hamdaan"
"872","إبراهيم الفارس","ibraheem ialfares"
"873","إبراهيم الزيات","ibraheemAlziat"
"875","عمر أبو موسى الجزائري","Abu-Mosa-Aljazaery"
"876","عادل الزبيري","Adel-AlZobairy"
"877","محمود محمد الخشت","Mahmood Al Khesht"
"878","محمود شعبان","Mahmoud Shaban"
"879","محمود عبد الحكم","Mahmood Abdul Hakam"
"880","أبو الكرم إبراهيم أنفلوس","AbuALkarm-Anflos"
"881","إبراهيم حسين الحجوري","Ibrahim -Alhagory"
"883","علي ثابت عبد الحافظ","Ali-Abdulhafeth"
"884","عمر محمد القاسم","Omar-Alqasem"
"885","عباس محمد مقادمي الثبيتي","abbas-Althabety"
"886","إسماعيل الهداجي","Ismail-Alhdagy"
"887","محمد عبد البصير","Mohammed -Abdulbasir"
"888","أحمد كندوز","AhmadGandouz"
"889","نور الدين أحمد","Noor Addeen Ahmed"
"890","مدين منصور مدين","Madeen Mansoor Madeen"
"891","حسن إبراهيم هاشم","Hasan-Hashem"
"892","عبد العزيز عليلي","Abdulaziz-Alili"
"893","صداقت علي","Sadaqat-Ali"
"895","طارق فتحي أحمد","Tarek_fathi"
"896","يونس مشطان","HayAdel"
"897","أنور الشلتوني","Anwar_Alshltoky"
"898","عمر إبراهيم شلبي","Omar-Shlby"
"899","عبد الله بن علي النفجان","abdullahalnafjan"
"900","أحمد بن يوسف الأهدل","ahmedAlahedl"
"902","رائد محمد الوصابي","Raed-Mohamed"
"903","أحمد عبد الغفار بحبح","Ahmad-Bhbh"
"904","معتز الغنام","Matz-Ghannam"
"905","أشرف بن علي عبد الباري","AshrafAliAbdulbary"
"906","محمد محمد زكريا","Mohammed"
"907","محمد عبد العزيز عبد الدائم","MohammedAbduldaam"
"908","منصف بنشقرون","Munsif Binshagroon"
"909","ياسر فرج الشندويلي","Yasser Farag Aelchendwyli"
"910","أحمد عبد الحكيم","Ahmed-Abdulhakeem"
"911","معمر السيد","MuammrAlsaeed"
"912","الأسعد الدريدي","Assaad Dridi"
"913","علاء بن إبراهيم المزجاجي","Alaa bin Ibrahim Almzjaji"
"914","هارون حسين أحمد عبد العزيز","Harun Hussein Ahmed"
"915","درويش فرج درويش العطار","Darwish Faraj Darwish Al-Attar"
"916","أحمد حسني الشيخ","Ahmad Husni Sheikh"
"917","مصطفى أمنشار","MustafaAmenchar"
"918","أحمد أبو غياتي","Ahmed Abu Giati"
"919","سلطان صغير العنزي","Sultan Alinzi"
"920","حسن صالح","Hassan Saleh"
"921","حسن عدلي","Hassan Adly"
"922","أحمد محمد عمر","Ahmed Mohamed Omar"
"923","خالد بركات","Khaled Barakat"
"924","فيصل عبد الرحمن أمين العمودي","Faisal Al-Amoudi"
"925","أحمد الجمالي","Ahmad Jamali"
"926","محمد عبد الحليم الصباغ","Mohamed Sabbagh"
"927","رمضان الصباغ","Ramadan Al Sabagh"
"928","محمد طلبية","Mohamed Talibp"
"929","عبد اللطيف إسماعيل عبد الرحمن","Abdul Latif Ismail Abdul Rahman"
"930","عادل عبد العزيز أحمد عامر","Adel Abdel Aziz, Ahmed Amer"
"931","محمد صلاح نافع","Mohammed Salah Nafie"
"932","يوسف الهقاص","Yoosuf Al-Haqqaas"
"933","عبد العزيز العويد","Abdulaziz Ayd"
"934","وليد حسين","Walid Hussein"
"935","محمد مصطفى الزيات","Mohammed Mustafa Al-Zayat"
"936","سامح فاروق أبوبكر راشد","Sameh Abu Bakr"
"937","محمد ثاني العروسي","Mohamed Laroussi"
"939","حسين محمد فضل","Hussein Fadl"
"940","عبد الرحمن الزيني","Rahman Zaini"
"941","عاطف عبد المعز الفيومي","Atef Abdalmaz Fayoumi"
"942","منير محمود علي المسيري","Munir Mahmoud Missiri"
"943","بندر بن طلال المحمدي","Bandar bin Talal AL Mohammadi"
"944","علي جريد العنزي","Ali Anzi"
"945","عبد الرزاق الشمري","Abdul Razzaq Al Shammari"
"946","سعود بن ملوح العنزي","aud Al-Anzi"
"947","عواد بن سبتي العنزي","Awad al-Anzi"
"948","محمد بن عودة العنزي","Mohammed bin Odeh Anzi"
"949","هاني الجاسر","Hani Al-Jasser"
"950","عمرو صلاح الدين","Amr Salah El Din"
"951","السيد عبد الحليم الصباغ","alsayed Halim Sabbagh"
"952","محمد حبش","Muhammad Habash"
"953","الهادي الفخفاخ","AlhadiAlfajfaji"
"954","أبو ذر القلموني","abu_thar Kulmoni"
"955","عبد القادر أحمد المغربي","Abdelkader Almagrebi"
"956","محمد السعران","Muhammad As-Sa‘raan"
"957","مهني عبد المجيد الجزائري","Abdel-MeguidAlgeria"
"958","أبي عبادة محمود الطيب","Abu EbadtTayeb"
"959","أحمد القصار","Ahmad Kassar"
"960","طلال الخضر","Talal Alhadr"
"961","عبد الله الهزيم","Abdullah Al-Hazeem"
"962","عبد الوهاب المنيفي","AbdulwahabAlmnevi"
"963","مبارك المبارك","Mubarak al-Mubarak"
"964","محمد المطر","Mohammed Al Matar"
"965","أحمد سباق","Ahmed Sbaq"
"966","إسلام عبد الشافي","Islam Abdel-Shafi"
"967","محمد محمود الوائلي","Mohammed Mahmood Al Waeli"
"968","تركي عبيد المري","Turki Ebeid al-Marri"
"969","محمد حسين عامر","Mohammed Hussein Amer"
"970","إبراهيم جمال القرجاوي","Ibrahim Jamal Alfaragawi"
"971","محمد صالح شيخ النجارين","Muhammed Salih Al-Najjar"
"972","أحمد الحداد","Ahmed Al-Haddad"
"973","مجدي سالم","Magdi Salem"
"974","حسن بن محمد يحيى الدغريري","Hassan bin Mohammed Aldgrira"
"975","محمد فاروق منسي","Mohammed Farouq Mansi"
"976","عبد السلام غالب السفياني","Abdul Salam Sufiani"
"979","زمال كمال الجزائري","zemmal kamel"
"980","محمد السلمان","Mohammed Salman"
"981","أحمد عماد سمان","Ahmed Samman"
"982","أنس الغامدي","Anas Al-Ghamdi"
"983","أسامة النجار","Osama Al-Najjar"
"984","أحمد بدر الدين","Ahmad Badr al-Din"
"985","تركي الرميح","Turkiy Rumaih"
"986","مشحوت آل مخلوف","Mahot AlMakhlouf"
"987","إبراهيم الدرسي","Ibrahim Drissi"
"988","يوسف كالو علي","Yusuf Kalu Ali"
"989","محمد السعيد ماهر","Mohammed Maher"
"990","إبراهيم بوعنني","Ibrahim Buanni"
"991","يوسف معاطي","Yusuf Maati"
"992","إسماعيل عبده محمد","Ismail Mohamed"
"993","أبوطلحة البوسعيدي","Abutalhh Busaidi"
"994","أبي الحسن هشام المحجوبي","Abu al-Hasan Mahjoubi"
"995","عثمان المسيمي","Osman Masimi"
"996","صلاح العراقي","Salah al-Iraqi"
"997","أحمد محمد طاهر","Ahmed Mohamed Taher"
"998","سعيد دباح الجزائري","Said Aljazaery"
"1000","حميدي الطاهر الجزائري","Hamidi Taher"
"1001","محمد أحمد شبيب","Mohammed Shabeeb"
"1002","أئمة قطريين","Oimao Qataris"
"1003","بهاء الدين الطوالبة","Bahauddin Tualbh"
"1005","عبد الكريم الدغوش","Abdul Karim Aldgosh"
"1006","طارق يوسف عرفة","Tarik Yousef Arafa"
"1007","أحمد محمد العبيد","Ahmed Mohammed Obaid"
"1008","عاطف سند الغنيمى","Atef Cindy Ghonemy"
"1009","مال لله بن عبدالرحمن الجابر","Mali Lha-Jaber"
"1010","عبد الكبير الحديدي","Abdul Kabir Alhdidie"
"1011","عبد العزيز المزيد","Abdul Aziz ALMazeed"
"1012","فهد عبد الله المحمدي","Fahd Abdullah al-Mohammadi"
"1013","أحمد سمير الأبيوقى","Ahmed Samir Alabaouky"
"1014","جمعة بن علي المهنا","Juma bin Ali Al-Muhanna"
"1015","فاروق ماحي","Farouk Mahi"
"1016","إبراهيم كبوري","Ibrahim Kpora"
"1017","محمد طه شيحه","Mohamed Taha Shiha"
"1018","علي راشد","Ali Rashid"
"1019","أحمد السيد محمد إسماعيل","Ahmed Mohamed Ismail"
"1020","الزبير الوصابي","Al Zobair Al wasabi"
"1021","عبد الله عبد العزيز الحارثي","Abdullah Abdulaziz Al-Harthy"
"1022","حماده إسماعيل فوده","Hamada Ismail Fouda"
"1023","وائل دسوقي","Wael Desouky"
"1025","لطفي إبراهيم أحمد","Lotfi Ibrahim Ahmed"
"1026","علي عبد الله حسين الكميت","Ali Abdullah Hussein Kumait"
"1027","فهد بن علي قحل","Fahd bin Ali Qahl"
"1028","عثمان الانداري","Osman Alandari"
"1029","وليد إدريس المنيسي","Waleed Idrees"
"1030","كمال المروش المغربي","Kamal Almroch"
"1031","بدر أحمد المغربي","Bader Ahmed Al-Maghrabi"
"1032","أحمد جليل مولوي","Ahmad Jalil Molloy"
"1033","عبد اللطيف شمام","AbdulLatif shmam"
"1034","ياسر برهامي","Yaser Burhami"
"1035","ياسر صبري","Yaser Sabri"
"1036","ياسين درويش","Yaseen Darweesh"
"1037","مصطفى خميس","Mustafa Khamis"
"1038","يحيى عبد العزيز اليحيى","Yahya Al Yahya"
"1039","محمد شعبان أبو قرن","mohammed abuqarn"
"1040","حميد الهوتي","Hamid Hooti"
"1041","أحمد غسان الناجي","Ahmed Ghassan Alnagi"
"1042","رامي حسن","Ramy Hassan"
"1043","خالد القمبشاوي","Khaled Aalghembashawi"
"1044","أحمد بن عباس العلي","Ahmed bin Abbas Ali"
"1045","هاني محمد نصر","Hani Mohammed Nasr"
"1046","عبد اللطيف محمد احميداني","Abdullatif Mohammed Ahmidani"
"1047","حسام محمد الأجاوي","Hossam Alojaoa"
"1048","عبد الرؤوف الجزائري","Abdul Rauf Aldzaúry"
"1049","عمرو البحيري محمود البحيري","Amr El Beheiry Mahmoud El Beheiry"
"1050","محمد ركابي","Mohammed Rcabi"
"1051","الحسين سيد عبد العاطى","Hussein Sayed Abdel-Aty"
"1052","محمد نجيب","Mohamed Naguib"
"1053","عبد الرحمن الشوربجى","Abdulrahman Shorbagy"
"1054","محمد مكي","Mohammed Makki"
"1055","زكرياء زيني المغربي","Zakaria Zinni Amorpi"
"1056","أحمد العوامي","Ahmed Awami"
"1057","أحمد عبد الفتاح المنياوي","Ahmed Abdel Fattah"
"1058","صالح عبد المقصود صالح","Saleh Abdel Maksoud Saleh"
"1059","طارق عبد الحكيم عبد الستار","Tariq Abdul Hakim Abdul Sattar"
"1060","أحمد حسين حلاوة","Ahmed Hussein Halawa"
"1061","حسن مصطفى الوراقي","Hassan Mustafa Aloraca"
"1062","عبد الرحمن عبد الله الظاهري","Abdulrahman Abdullah Zahri"
"1063","أحمد البطل","Ahmed Batl"
"1064","حمزة الفار","Hamza Alvar"
"1065","مصحف الحرم المكي لعام 1433هـ","haram_m1433"
"1066","مصطفى حسين","Mostafa-husean"
"1067","عدنان المصقري","Adnan Almsqra"
"1068","حسين أبو المعاطى","Hussein Abu Maaty"
"1069","محمود الطوخي","Mahmood al toukhi"
"1070","عبد الرحمن فؤاد","Abdulrahman Fuaad"
"1071","محمد سلمان الدهاس","Mohammed Salman Aldhas"
"1072","يحيى نوح","Yahya Noah"
"1073","ياسين العساف","Yassin Al-Assaf"
"1074","سعود لطيف الرميزان","Saud Atif Romaizan"
"1075","أحمد علي مرتضى","Ahmed Ali Murtaza"
"1076","عبد الرحمن الدلالي","Abdulrahman Aldalala"
"1077","محمد السيد محمد القط","Mohamed el-Sayed Mohammed Alqt"
"1078","بهجت السعيد النادى","Bahgat Al-Said"
"1079","محمد صلاح الدين كبارة","Mohammed Salahuddin Kabbara"
"1080","زيد علي العباسي","Zaid Ali Abbasi"
"1081","وليد سمير علي عبد المجيد سرور","Waleed Samir Ali Abdul Majid Sorour"
"1082","عطيه بسيوني الحبيب","Attia Bassiouni Alhabib"
"1083","محمد أحمد فايز","Mohammed Ahmed Faiz"
"1084","أحمد الحراسيس","Ahmed Harasis"
"1085","عمرو الدماريسي المنياوي","Amor Aldmarisi"
"1086","أحمد صابر العايدى","Ahmad Alaidi"
"1087","أحمد السعيد مندور","Ahmad Mandour"
"1088","هاني عبد الله أبوشيتة","Haani Abu hith"
"1089","صلاح باعثمان","Salah Baosman"
"1090","محمد حسين سعيديان","Mohammed Hussein Saeedian"
"1091","مجدي طه","Magdy Taha"
"1092","وقار يونس بن أمير حمزة","Waqar Younis bin Amir Hamzah"
"1093","أحمد الرباعي","Ahmed Alrobai"
"1094","محمود مصطفى النجار","Mahmoud Mustafa Najjar"
"1095","ميثم التمار","Mitham Al-Tammar"
"1096","محمد علي أحمد كوريبة","Mohammed Ali Ahmed Kuribh"
"1097","وليد الفلوجي","Walid al-Falluji"
"1098","محمود أحمد مروح","Mahmoud Ahmed Marawah"
"1099","إبراهيم الجميلي","Ibrahim al-Jumaili"
"1100","محمد المهنا","Mohammed Al Muhanna"
"1101","عمر عبد البصير","Omar Abdul Basir"
"1102","عبد الرحمن الناوي","Abdul Rahman Alnoy"
"1103","باسل الراوي","Basil Al-Rawi"
"1104","محمود محمد عبد الوهاب","Mahmoud Mohamed Abdel Wahab"
"1105","علاء نعمان","Alaa Numan"
"1106","مرضي شرف الدين أبو هريرة","Mredy Sharaf al-Din Abu Huraira"
"1107","عبد الله المكنوي","Abdullah Almknue"
"1108","محمود داوود دسوقي خطابي","Mahmoud David Dessouki Khtabaa"
"1109","مكاوي السنباطي","Makkaawi As-Sunbaati"
"1110","محمد زعرور","Mohammed Zarour"
"1111","مصطفى طه الحسيني","Mustafa Taha al-Husseini"
"1112","عبد الباسط بن زايد الريدي","Abdel Basset Bin Zayed Reedy"
"1113","محمد الصاوي","Mohamed El Sawy"
"1114","وائل رضوان قرشي","Wael Radwan Qureshi"
"1115","يحيى احسايني","Yahia hesayni"
"1116","مصطفي الفرجاني الترهوني","Mustafa Ferjani Altarhuni"
"1117","تامر علي عيسى","Tamer Ali Issa"
"1118","حسن معلم إبراهيم الواجدي","Hassan Mwalim Ibrahim Allowaagdi"
"1120","محسن عبد العزيز","Mohsen Abdel-Aziz"
"1121","علاء عبد الوهاب","Alaa Abdel Wahab"
"1122","محمد عبد المؤمن","Mohammed Abdul Momen"
"1123","أحمد الهذيلي","Ahmed Huthaili"
"1124","أبوالخير عبد اللطيف باري","Abulkhair Abdul Latif Bari"
"1125","أحمد عطية","Ahmed Attia"
"1126","مصطفى محمد عبد العزيز","Mustafa Mohammed Abdulaziz"
"1127","سرحان عادل سرحان","Sarhan Adel Sarhan"
"1128","محمد البرزنجي","Mohammed Alborznge"
"1129","تامر تيمور حسن","Tamer Timor Hassan"
"1130","خليل إسماعيل","Khalil Ismail"
"1131","خالد نفادي الأزهري","Khaled Nvadi Azhari"
"1132","زايد ال عطية","Zayed al-Attiya"
"1133","لخضر بن الحمدي لزرق","Lakhdar Ben Hamdi glaucoma"
"1134","علي محمد هارب حجوري","Ali Mohamed Hjora"
"1135","مصعب بن محمد فقيهي","Musab bin Mohammed Fiqihy"
"1136","إبراهيم جبر أبو رحيق","ibraheemBorahiq"
"1138","يحيى أحمد محمد سلامين","Yahya_Ahmed"
"1139","محمد نور","Mohamed Nour"
"1140","محمد يحي اليدالي الشنقيطي","Mohammed Yahia Al - Yadali Al - Shanqeeti"
"1141","منصور الزهراني","Mansoor_Alzahrani"
"1142","حسن صلاح بعلول","Hassan_Baaloul"
"1143","محمود عبد الرازق طه","Mahmoud_AbdelRazek"
"1144","عمار إحلام الجزائري","Ammar Algerian"
"1145","أنس المحمدي","Anas Mohammadi"
"1146","ظفر القليب","Zafarrer al-Qulaib"
"1147","عبد اللطيف عفيف الورزازاي المغربي","AbdulLatif Afif"
"1148","عبد الرحمن حمدي أبوالعنين","Abdulrahman Hamdy"
"1149","محمد شهاب الحفناوي","Mohammed Alhifnauy"
"1150","عبد الرحمن الشحات","Abdul Rahman Al-Shahat"
"1151","محمد محمود عصفور","Mohammed Mahmooed 'asfour"
"1152","سالم ولد محمد الأمين الملقب الداهن","salem_aldahen"
"1153","أحمد طاهر","Ahmad Taher"
"1154","عبد الرحمن رئيس الجسوي","Abdulrahman Algesoa"
"1155","عبد الله محمد الرحيمان","Abdullah Alrahiman"
"1156","عز الدين بن أحمد عمارنه","Izzaldin Ahmad"
"1157","محمد تموري","Mohammed Tamore"
"1158","محمد رشدي","Muhammad Rushdi"
"1159","محمد رمضان محمد","Mohamed Ramadan"
"1160","محمد سالم ابو مويس","Mohammed AbuMoyes"
"1161","هانى حسين الزعبلاوى","Hany Zaabalawy"
"1162","الحافظ خليل إسماعيل","ALHafiz Asmai"
"1163","إحسان محمد خضرة","Mohammed Ihsan greener"
"1164","أحمد أبو بكر نافد","Ahmed Abu Bakr Navid"
"1165","السيد القوصي","Alsid Qusi"
"1166","محمد تميم الزعبي","Mohammad Tamim Al-Zubi"
"1167","أحمد عيد مهنا","Ahmed Eid Muhanna"
"1168","أحمد على الكاملي","Ahmed Ali Kamli"
"1169","خالد سليمان زيتون","Khaled Suleiman Zaton"
"1170","محمد أحمد داوود","Mohammed Ahmed Daoud"
"1172","محمود لقم","Mahmoud Lqm"
